,name,gender,birthyear,deathyear,bplace_country,dplace_country,age
3397,Hamid Karzai,M,1957.0,,Afghanistan,,63.0
65579,Malalai Joya,F,1978.0,,Afghanistan,,42.0
51621,Hibatullah Akhundzada,M,1961.0,,Afghanistan,,59.0
13847,Abdul Rashid Dostum,M,1954.0,,Afghanistan,,66.0
71701,Nadia Nadim,F,1988.0,,Afghanistan,,32.0
40887,Zalmay Khalilzad,M,1951.0,,Afghanistan,,69.0
84210,Fatima Bhutto,F,1982.0,,Afghanistan,,38.0
61924,Abdul Ghani Baradar,M,1968.0,,Afghanistan,,52.0
21381,Abdullah Abdullah,M,1960.0,,Afghanistan,,60.0
39752,Abdul Ahad Mohmand,M,1959.0,,Afghanistan,,61.0
75019,Niloofar Rahmani,F,1992.0,,Afghanistan,,28.0
62924,Zablon Simintov,M,1960.0,,Afghanistan,,60.0
81655,Zohib Islam Amiri,M,1990.0,,Afghanistan,,30.0
73300,Sonita Alizadeh,F,1996.0,,Afghanistan,,24.0
14589,Khaled Hosseini,M,1965.0,,Afghanistan,,55.0
53128,Sima Samar,F,1957.0,,Afghanistan,,63.0
86814,Mohammad Nabi,M,1985.0,,Afghanistan,,35.0
49015,Atiq Rahimi,M,1962.0,,Afghanistan,,58.0
60346,Abdul Rahman,M,1965.0,,Afghanistan,,55.0
68493,Rohullah Nikpai,M,1987.0,,Afghanistan,,33.0
83341,Faysal Shayesteh,M,1991.0,,Afghanistan,,29.0
42043,Afghan Girl,F,1972.0,,Afghanistan,,48.0
39330,Tigran Sargsyan,M,1962.0,,Armenia,,60.0
80214,Tigran Gevorg Martirosyan,M,1988.0,,Armenia,,32.0
50905,Hasmik Papian,F,1961.0,,Armenia,,59.0
7589,Karekin II,M,1951.0,,Armenia,,1951.0
68152,Arsen Avetisyan,M,1973.0,,Armenia,,47.0
79998,Gevorg Davtyan,M,1983.0,,Armenia,,37.0
65011,Artur Petrosyan,M,1971.0,,Armenia,,49.0
52668,Michel Der Zakarian,M,1963.0,,Armenia,,57.0
81584,Tigran Vardan Martirosyan,M,1983.0,,Armenia,,37.0
80326,Nazik Avdalyan,F,1986.0,,Armenia,,34.0
67824,Artsvik,F,1984.0,,Armenia,,36.0
71330,Edgar Manucharyan,M,1987.0,,Armenia,,33.0
75140,Sargis Sargsian,M,1973.0,,Armenia,,47.0
58839,Smbat Lputian,M,1958.0,,Armenia,,62.0
50468,Khoren Oganesian,M,1955.0,,Armenia,,65.0
62409,Sargis Hovsepyan,F,1972.0,,Armenia,,48.0
39645,Hovik Abrahamyan,M,1959.0,,Armenia,,61.0
67819,Mnatsakan Iskandaryan,M,1967.0,,Armenia,,53.0
78693,Arsen Galstyan,M,1989.0,,Armenia,,31.0
81133,Levon Hayrapetyan,M,1989.0,,Armenia,,31.0
68805,Hamlet Mkhitaryan,M,1973.0,,Armenia,,47.0
70660,Tigran Hamasyan,M,1987.0,,Armenia,,33.0
58454,Armen Nazaryan,M,1974.0,,Armenia,,46.0
73356,Srbuk,F,1994.0,,Armenia,,26.0
73760,Mkhitar Manukyan,M,1973.0,,Armenia,,47.0
66683,Zara,F,1983.0,,Armenia,,37.0
40885,Levon Aronian,M,1982.0,,Armenia,,38.0
79045,Hovhannes Davtyan,M,1983.0,,Armenia,,37.0
74068,Arsen Julfalakyan,M,1987.0,,Armenia,,33.0
67465,Emmy,F,1984.0,,Armenia,,36.0
76956,Gevorg Kasparov,F,1980.0,,Armenia,,40.0
75875,Armen Mkrtchyan,M,1973.0,,Armenia,,47.0
59782,Anna Chicherova,F,1982.0,,Armenia,,38.0
80196,Gevorg Ghazaryan,M,1988.0,,Armenia,,32.0
63363,Aram Mp3,M,1984.0,,Armenia,,36.0
84219,Artur Yedigaryan,M,1987.0,,Armenia,,33.0
52879,Rafael Vaganian,F,1951.0,,Armenia,,69.0
77960,Tigran L. Petrosian,M,1984.0,,Armenia,,36.0
37364,Nikol Pashinyan,M,1975.0,,Armenia,,45.0
58676,Sirusho,F,1987.0,,Armenia,,33.0
25466,Mehriban Aliyeva,F,1964.0,,Azerbaijan,,56.0
81727,Vugar Alakbarov,M,1981.0,,Azerbaijan,,39.0
57297,Afag Bashirgyzy,F,1955.0,,Azerbaijan,,65.0
5420,Garry Kasparov,M,1963.0,,Azerbaijan,,57.0
63258,Zemfira Meftahatdinova,F,1963.0,,Azerbaijan,,57.0
86781,Samira Efendi,F,1991.0,,Azerbaijan,,29.0
48578,Arsen Avakov,M,1964.0,,Azerbaijan,,56.0
67203,Ramil Guliyev,M,1990.0,,Azerbaijan,,30.0
52262,Isabel dos Santos,F,1973.0,,Azerbaijan,,47.0
77039,Elmar Gasimov,M,1990.0,,Azerbaijan,,30.0
82516,Teymur Mammadov,M,1993.0,,Azerbaijan,,27.0
64413,Safura Alizadeh,F,1992.0,,Azerbaijan,,28.0
47693,Elmar Mammadyarov,M,1960.0,,Azerbaijan,,60.0
72456,Khadija Ismayilova,F,1976.0,,Azerbaijan,,44.0
30056,Bako Sahakyan,M,1960.0,,Azerbaijan,,60.0
60545,Teimour Radjabov,M,1987.0,,Azerbaijan,,33.0
77565,Radik Isayev,M,1989.0,,Azerbaijan,,31.0
74493,Karina Aznavourian,F,1974.0,,Azerbaijan,,46.0
66753,Nazim Huseynov,F,1969.0,,Azerbaijan,,51.0
68822,Yura Movsisyan,M,1987.0,,Azerbaijan,,33.0
84596,Nidjat Mamedov,M,1985.0,,Azerbaijan,,35.0
56312,Nigar Jamal,F,1980.0,,Azerbaijan,,40.0
67305,Aisel,F,1989.0,,Azerbaijan,,31.0
71439,Elnur Mammadli,M,1988.0,,Azerbaijan,,32.0
79189,Rauf Mamedov,M,1988.0,,Azerbaijan,,32.0
37786,Musa Manarov,M,1951.0,,Azerbaijan,,69.0
77438,Shahin Imranov,M,1980.0,,Azerbaijan,,40.0
70269,Leyla Aliyeva,F,1986.0,,Azerbaijan,,34.0
63677,Dilara Kazimova,F,1984.0,,Azerbaijan,,36.0
72854,Haji Aliyev,M,1991.0,,Azerbaijan,,29.0
73837,Ashot Nadanian,M,1972.0,,Azerbaijan,,48.0
58273,Andrey Lugovoy,M,1966.0,,Azerbaijan,,54.0
77803,Jabrayil Hasanov,M,1990.0,,Azerbaijan,,30.0
61122,Vladimir Akopian,M,1971.0,,Azerbaijan,,49.0
69696,Elina Danielian,F,1978.0,,Azerbaijan,,42.0
53022,Isa Gambar,M,1957.0,,Azerbaijan,,63.0
75839,Toghrul Asgarov,M,1992.0,,Azerbaijan,,28.0
14860,Robert Kocharyan,M,1954.0,,Azerbaijan,,66.0
57150,Sabina Babayeva,F,1979.0,,Azerbaijan,,41.0
68662,Samir Javadzadeh,M,1980.0,,Azerbaijan,,40.0
83628,Ali Assadalla,M,1993.0,,Bahrain,,27.0
59078,Nawaf Shukralla,M,1976.0,,Bahrain,,44.0
76428,Mohamed Husain,F,1980.0,,Bahrain,,40.0
50204,"Salman, Crown Prince of Bahrain",M,1969.0,,Bahrain,,51.0
78157,Ismail Abdullatif,F,1986.0,,Bahrain,,34.0
61937,Salman bin Ibrahim Al Khalifa,M,1965.0,,Bahrain,,55.0
87765,Mamtha Mohandas,F,1984.0,,Bahrain,,36.0
75934,Yusuf Saad Kamel,M,1983.0,,Bahrain,,37.0
65310,Jacqueline Fernandez,F,1985.0,,Bahrain,,35.0
76819,A'ala Hubail,M,1982.0,,Bahrain,,38.0
60407,Irene Khan,F,1956.0,,Bangladesh,,64.0
82763,Mushfiqur Rahim,F,1987.0,,Bangladesh,,33.0
77219,Monica Ali,F,1967.0,,Bangladesh,,53.0
40521,Taslima Nasrin,F,1962.0,,Bangladesh,,58.0
79392,Shakib Al Hasan,M,1987.0,,Bangladesh,,33.0
87837,Jigme Namgyel Wangchuck,M,2016.0,,Bhutan,,4.0
49519,Jigme Thinley,M,1952.0,,Bhutan,,68.0
61331,Sangay Ngedup,M,1953.0,,Bhutan,,67.0
16192,Jigme Singye Wangchuck,M,1955.0,,Bhutan,,65.0
63761,Wangay Dorji,M,1974.0,,Bhutan,,46.0
54949,Jetsun Pema,F,1990.0,,Bhutan,,30.0
88269,Chencho Gyeltshen,F,1996.0,,Bhutan,,24.0
60732,Tshering Tobgay,M,1965.0,,Bhutan,,55.0
57634,Dzongsar Jamyang Khyentse Rinpoche,M,1961.0,,Bhutan,,59.0
61394,Lotay Tshering,M,1969.0,,Bhutan,,51.0
60096,Wu Chun,M,1979.0,,Brunei,,41.0
52511,Al-Muhtadee Billah,M,1974.0,,Brunei,,46.0
4498,Norodom Sihamoni,M,1953.0,,Cambodia,,67.0
8452,Hun Sen,M,1952.0,,Cambodia,,68.0
79283,Chan Vathanaka,M,1994.0,,Cambodia,,26.0
50117,François Chau,M,1959.0,,Cambodia,,61.0
69232,Somaly Mam,F,1970.0,,Cambodia,,50.0
57911,Rithy Panh,M,1964.0,,Cambodia,,56.0
71508,Wang Meng,F,1985.0,,China,,35.0
36359,Wang Yang,M,1955.0,,China,,65.0
41929,Ching Siu-tung,M,1953.0,,China,,67.0
71334,Li Xiaoshuang,M,1973.0,,China,,47.0
60482,Zhang Jingchu,F,1980.0,,China,,40.0
69792,Sun Fuming,F,1974.0,,China,,46.0
78178,Lei Sheng,M,1984.0,,China,,36.0
70579,Li Xiaoxia,F,1988.0,,China,,32.0
87326,Qiu Bo,M,1993.0,,China,,27.0
53995,Ling Jihua,M,1956.0,,China,,64.0
87160,Sun Yanan,F,1992.0,,China,,28.0
83154,Zhou Mi,F,1979.0,,China,,41.0
53972,Liu Xiang,M,1983.0,,China,,37.0
82449,Shi Tingmao,F,1991.0,,China,,29.0
76421,Mengke Bateer,M,1975.0,,China,,45.0
75615,Qin Kanying,F,1974.0,,China,,46.0
53197,Wu'erkaixi,F,1968.0,,China,,52.0
56097,Wang Hao,M,1983.0,,China,,37.0
65127,Ding Junhui,M,1987.0,,China,,33.0
1038,Xi Jinping,M,1953.0,,China,,67.0
82593,Zhang Lin,M,1987.0,,China,,33.0
54824,Ma Lin,M,1980.0,,China,,40.0
81553,Yu Jing,F,1985.0,,China,,35.0
80884,Wang Jiao,F,1988.0,,China,,32.0
84617,Zhang Nan,M,1990.0,,China,,30.0
78052,Gong Zhichao,F,1977.0,,China,,43.0
67444,Jia,F,1990.0,,China,,30.0
67826,Zhuang Xiaoyan,F,1969.0,,China,,51.0
31396,Peng Liyuan,F,1962.0,,China,,58.0
16733,Bao Xishun,M,1951.0,,China,,69.0
85022,Huo Liang,M,1989.0,,China,,31.0
86245,Yang Yilin,F,1992.0,,China,,28.0
53625,Su Tong,M,1963.0,,China,,57.0
72803,An Qi,M,1981.0,,China,,39.0
77016,Gong Lijiao,F,1989.0,,China,,31.0
83635,Wu Jingbiao,M,1989.0,,China,,31.0
48886,Liu Yifei,F,1987.0,,China,,33.0
56013,Jordan Chan,M,1967.0,,China,,53.0
81116,Yang Xu,M,1988.0,,China,,32.0
54295,Liu Xia,F,1961.0,,China,,59.0
68128,Michalis Hatzigiannis,M,1978.0,,Cyprus,,42.0
74126,Loukas Giorkas,M,1986.0,,Cyprus,,34.0
32133,Anna Vissi,F,1957.0,,Cyprus,,63.0
85296,Konstantinos Laifis,F,1993.0,,Cyprus,,27.0
70648,Ivi Adamou,F,1993.0,,Cyprus,,27.0
68622,Despina Olympiou,F,1975.0,,Cyprus,,45.0
72444,Kyriakos Ioannou,M,1984.0,,Cyprus,,36.0
32921,Mehmet Ali Talat,M,1952.0,,Cyprus,,68.0
84984,Giannis Karagiannis,M,1994.0,,Cyprus,,26.0
66842,Diam's,F,1980.0,,Cyprus,,40.0
59566,Marcos Baghdatis,M,1985.0,,Cyprus,,35.0
70681,Maria Elena Kyriakou,F,1984.0,,Cyprus,,36.0
74047,Constantinos Christoforou,M,1977.0,,Cyprus,,43.0
63234,Evridiki,F,1968.0,,Cyprus,,52.0
66636,Markos Kyprianou,M,1960.0,,Cyprus,,60.0
83765,Pavlos Kontides,M,1990.0,,Cyprus,,30.0
79434,Constantinos Makrides,M,1982.0,,Cyprus,,38.0
84868,Georgios Efrem,M,1989.0,,Cyprus,,31.0
83455,Christos Mylordos,M,1991.0,,Cyprus,,29.0
85957,Demetris Christofi,M,1988.0,,Cyprus,,32.0
67115,Ioannis Okkas,M,1977.0,,Cyprus,,43.0
69560,Eleftheria Eleftheriou,F,1989.0,,Cyprus,,31.0
73822,Constantinos Charalambidis,M,1981.0,,Cyprus,,39.0
83638,Christina Metaxa,F,1992.0,,Cyprus,,28.0
66917,Michalis Konstantinou,M,1978.0,,Cyprus,,42.0
51394,Nina Ananiashvili,F,1963.0,,Georgia,,57.0
64022,Zurab Azmaiparashvili,M,1960.0,,Georgia,,60.0
61663,Zaza Pachulia,M,1984.0,,Georgia,,36.0
73887,Sopho Khalvashi,F,1986.0,,Georgia,,34.0
68214,Giorgi Demetradze,M,1976.0,,Georgia,,44.0
77032,Elena Satine,F,1987.0,,Georgia,,33.0
68827,Davit Bakradze,M,1972.0,,Georgia,,48.0
85028,Mariam Mamadashvili,F,2005.0,,Georgia,,15.0
84663,Oksana Kalashnikova,F,1990.0,,Georgia,,30.0
31271,Alexander Ankvab,M,1952.0,,Georgia,,68.0
57768,Vano Merabishvili,M,1968.0,,Georgia,,52.0
78235,Giorgi Loria,M,1986.0,,Georgia,,34.0
64771,Nino Salukvadze,F,1969.0,,Georgia,,51.0
77729,Malkhaz Asatiani,M,1981.0,,Georgia,,39.0
51601,Tengiz Sulakvelidze,M,1956.0,,Georgia,,64.0
73899,Vladimer Khinchegashvili,M,1991.0,,Georgia,,29.0
42952,Maia Chiburdanidze,F,1961.0,,Georgia,,59.0
78022,Ramaz Nozadze,M,1983.0,,Georgia,,37.0
43211,Eduard Kokoity,M,1964.0,,Georgia,,56.0
80972,Aleksandre Kobakhidze,M,1987.0,,Georgia,,33.0
65943,Kakhaber Tskhadadze,M,1968.0,,Georgia,,52.0
74178,Vladimir Dvalishvili,M,1986.0,,Georgia,,34.0
15287,Mikheil Saakashvili,M,1967.0,,Georgia,,53.0
56860,Grigol Vashadze,F,1958.0,,Georgia,,62.0
59499,Tamta,F,1981.0,,Georgia,,39.0
71889,Giorgi Asanidze,M,1975.0,,Georgia,,45.0
44859,Leonid Tibilov,M,1951.0,,Georgia,,69.0
56776,Zurab Noghaideli,M,1964.0,,Georgia,,56.0
65315,Irakli Okruashvili,M,1973.0,,Georgia,,47.0
79253,Irakli Labadze,M,1981.0,,Georgia,,39.0
76758,Nana Dzagnidze,F,1987.0,,Georgia,,33.0
73354,Anri Jokhadze,M,1980.0,,Georgia,,40.0
70463,Nikoloz Basilashvili,M,1992.0,,Georgia,,28.0
49844,Giorgi Kvirikashvili,M,1967.0,,Georgia,,53.0
80447,Bela Khotenashvili,F,1988.0,,Georgia,,32.0
55651,Khatia Buniatishvili,F,1987.0,,Georgia,,33.0
63372,Lado Gurgenidze,M,1970.0,,Georgia,,50.0
74567,Varlam Liparteliani,F,1989.0,,Georgia,,31.0
76094,Hanna Melnychenko,F,1983.0,,Georgia,,37.0
59428,Temur Ketsbaia,M,1968.0,,Georgia,,52.0
69300,Rahul Dravid,M,1973.0,,India,,47.0
55689,Sharman Joshi,M,1979.0,,India,,41.0
85680,Antara Mali,F,1975.0,,India,,45.0
60063,Vasundhara Raje,F,1953.0,,India,,67.0
85549,Gayatri Joshi,F,1974.0,,India,,43.0
86173,Athiya Shetty,F,1992.0,,India,,28.0
56773,Shakti Kapoor,M,1952.0,,India,,68.0
80408,Abhay Deol,M,1976.0,,India,,44.0
63460,Bipasha Basu,F,1979.0,,India,,41.0
80150,Yuvraj Singh,M,1981.0,,India,,39.0
68419,Moon Moon Sen,F,1954.0,,India,,66.0
27493,The Great Khali,M,1972.0,,India,,48.0
55055,Arvind Kejriwal,M,1968.0,,India,,52.0
70751,Arnab Goswami,M,1973.0,,India,,47.0
74484,Suraj Sharma,M,1993.0,,India,,27.0
56382,Nirmala Sitharaman,F,1959.0,,India,,61.0
81437,Rimi Sen,F,1981.0,,India,,39.0
20011,Vandana Shiva,F,1952.0,,India,,68.0
70646,Smriti Irani,F,1976.0,,India,,44.0
84404,Laxmi Agarwal,F,1990.0,,India,,30.0
82221,Pritam,M,1971.0,,India,,49.0
67461,Kiran Mazumdar-Shaw,F,1953.0,,India,,67.0
85217,Richa Chadda,F,1986.0,,India,,37.0
67690,Sohail Khan,M,1970.0,,India,,50.0
56056,Sugata Mitra,M,1952.0,,India,,68.0
88643,Shahana Goswami,F,1986.0,,India,,34.0
68435,Sonakshi Sinha,F,1987.0,,India,,33.0
74988,Ram Charan,M,1985.0,,India,,35.0
87048,Nicole Faria,F,1991.0,,India,,30.0
86755,Anjum Chopra,F,1977.0,,India,,43.0
72875,Chanda Kochhar,F,1961.0,,India,,59.0
85690,Tara Sutaria,F,1995.0,,India,,25.0
86935,Aarya Babbar,M,1982.0,,India,,39.0
54178,Tarsem Singh,M,1961.0,,India,,59.0
65048,Mary Kom,F,1983.0,,India,,37.0
55410,Ravindra Prabhat,M,1969.0,,India,,51.0
9860,Shah Rukh Khan,M,1965.0,,India,,55.0
67191,Tessy Thomas,F,1963.0,,India,,57.0
83003,Rajkummar Rao,M,1984.0,,India,,36.0
86394,Suchitra Krishnamoorthi,F,1975.0,,India,,45.0
80940,Sony Dwi Kuncoro,M,1984.0,,Indonesia,,36.0
82534,Eko Yuli Irawan,M,1989.0,,Indonesia,,31.0
51500,Erick Thohir,M,1970.0,,Indonesia,,50.0
66761,Rossa,F,1978.0,,Indonesia,,42.0
77197,Rich Brian,M,1999.0,,Indonesia,,21.0
74637,Emil Audero,M,1997.0,,Indonesia,,23.0
56436,Taco,M,1955.0,,Indonesia,,65.0
74941,Ardy Wiranata,M,1970.0,,Indonesia,,50.0
73519,Jessica Iskandar,F,1988.0,,Indonesia,,32.0
67845,Krisdayanti,F,1975.0,,Indonesia,,45.0
69498,Rio Haryanto,M,1993.0,,Indonesia,,27.0
56643,Iko Uwais,M,1983.0,,Indonesia,,37.0
68984,Yayuk Basuki,F,1970.0,,Indonesia,,50.0
63253,Alan Budikusuma,M,1968.0,,Indonesia,,52.0
70573,Amara,F,1975.0,,Indonesia,,45.0
58423,Susi Pudjiastuti,F,1965.0,,Indonesia,,55.0
80076,Tontowi Ahmad,M,1987.0,,Indonesia,,33.0
9476,Joko Widodo,M,1961.0,,Indonesia,,59.0
73978,Tony Gunawan,M,1975.0,,Indonesia,,45.0
55412,Basuki Tjahaja Purnama,M,1966.0,,Indonesia,,54.0
62421,Susi Susanti,F,1971.0,,Indonesia,,49.0
21221,Anggun,F,1972.0,,Indonesia,,46.0
84587,Fatin Shidqia,F,1996.0,,Indonesia,,24.0
71106,Mia Audina,F,1979.0,,Indonesia,,41.0
36980,Prabowo Subianto,M,1951.0,,Indonesia,,69.0
75592,Liliyana Natsir,F,1985.0,,Indonesia,,35.0
81073,Maria Kristin Yulianti,F,1985.0,,Indonesia,,35.0
48116,Agnez Mo,F,1986.0,,Indonesia,,34.0
80960,Angelique Widjaja,F,1984.0,,Indonesia,,36.0
72810,Hendra Setiawan,M,1984.0,,Indonesia,,36.0
78586,Nova Widianto,M,1977.0,,Indonesia,,43.0
59403,Taufik Hidayat,M,1981.0,,Indonesia,,39.0
72376,Candra Wijaya,M,1975.0,,Indonesia,,45.0
70357,Ayu Utami,F,1968.0,,Indonesia,,52.0
70829,Hendrawan,M,1972.0,,Indonesia,,48.0
56446,Valerie Mahaffey,F,1953.0,,Indonesia,,67.0
67406,Bambang Pamungkas,M,1980.0,,Indonesia,,40.0
75484,Markis Kido,M,1984.0,,Indonesia,,36.0
86807,Sri Wahyuni Agustiani,F,1994.0,,Indonesia,,26.0
76036,Alireza Dabir,M,1977.0,,Iran,,43.0
76242,Omid Ebrahimi,M,1987.0,,Iran,,33.0
81052,Ahmad Alenemeh,M,1982.0,,Iran,,38.0
59993,Cumrun Vafa,M,1960.0,,Iran,,60.0
72175,Alireza Mansourian,M,1971.0,,Iran,,49.0
49342,Andranik Eskandarian,M,1951.0,,Iran,,69.0
75679,Alireza Haghighi,M,1988.0,,Iran,,32.0
58553,Shahab Hosseini,M,1974.0,,Iran,,46.0
75626,Milad Mohammadi,M,1993.0,,Iran,,27.0
81256,Mehdi Torabi,M,1994.0,,Iran,,26.0
39776,Navid Negahban,M,1968.0,,Iran,,52.0
68424,Ramin Karimloo,M,1978.0,,Iran,,42.0
37441,Nasrin Sotoudeh,F,1963.0,,Iran,,57.0
64096,Laleh,F,1982.0,,Iran,,38.0
46165,Hossein Salami,M,1960.0,,Iran,,60.0
49944,Azar Nafisi,F,1955.0,,Iran,,65.0
78547,Hossein Rajabian,M,1984.0,,Iran,,36.0
82378,Omid Norouzi,M,1986.0,,Iran,,34.0
74745,Mehrdad Minavand,M,1975.0,,Iran,,45.0
37672,Shaun Toub,M,1963.0,,Iran,,57.0
66368,Karim Ansarifard,M,1990.0,,Iran,,30.0
38654,Shirin Neshat,F,1957.0,,Iran,,63.0
36320,Majid Majidi,M,1959.0,,Iran,,61.0
32189,Anousheh Ansari,F,1966.0,,Iran,,54.0
50068,Aylar Lie,F,1984.0,,Iran,,36.0
83029,Saeid Abdevali,M,1989.0,,Iran,,31.0
74645,Sadaf Taherian,F,1988.0,,Iran,,32.0
60714,Rosie Malek-Yonan,F,1965.0,,Iran,,55.0
79616,Majid Hosseini,M,1996.0,,Iran,,24.0
75915,Hamid Sourian,M,1985.0,,Iran,,35.0
80254,Zahra Nemati,F,1985.0,,Iran,,35.0
66968,Roya Hakakian,F,1966.0,,Iran,,54.0
62698,Nasim Pedrad,F,1981.0,,Iran,,39.0
77213,Pejman Montazeri,M,1983.0,,Iran,,37.0
20591,"Reza Pahlavi, Crown Prince of Iran",M,1960.0,,Iran,,60.0
77660,Kaveh Rezaei,F,1992.0,,Iran,,28.0
57446,Kayhan Kalhor,M,1963.0,,Iran,,57.0
55466,Sardar Azmoun,M,1995.0,,Iran,,25.0
64747,Samira Makhmalbaf,F,1980.0,,Iran,,40.0
71520,Saeid Marouf,M,1985.0,,Iran,,35.0
50023,Abu Ibrahim al-Hashimi al-Qurashi,M,1976.0,,Iraq,,44.0
62598,Younis Mahmoud,M,1983.0,,Iraq,,37.0
53242,Hussein Saeed,F,1958.0,,Iraq,,62.0
76473,Bassim Abbas,M,1982.0,,Iraq,,38.0
19164,Barham Salih,M,1960.0,,Iraq,,60.0
60016,Raad Hammoudi,M,1953.0,,Iraq,,67.0
66691,Hawar Mulla Mohammed,M,1981.0,,Iraq,,39.0
66914,Jim Al-Khalili,M,1962.0,,Iraq,,58.0
61560,Muntadhar al-Zaidi,M,1979.0,,Iraq,,41.0
82341,Mohanad Ali,F,2000.0,,Iraq,,20.0
20905,Haider al-Abadi,M,1952.0,,Iraq,,68.0
39063,Muqtada al-Sadr,M,1974.0,,Iraq,,46.0
39717,Ali Larijani,M,1957.0,,Iraq,,63.0
34807,Mustafa Al-Kadhimi,M,1967.0,,Iraq,,53.0
66405,Ahmed Al Safi,M,1971.0,,Iraq,,49.0
78195,Ahmed Yasin Ghani,F,1991.0,,Iraq,,29.0
36107,Ghazi Mashal Ajil al-Yawer,M,1958.0,,Iraq,,62.0
82948,Dhurgham Ismail,M,1994.0,,Iraq,,26.0
79925,Humam Tariq,M,1996.0,,Iraq,,24.0
67914,Ali Adnan Kadhim,M,1993.0,,Iraq,,27.0
85960,Ali Faez,F,1994.0,,Iraq,,26.0
75730,Noor Sabri,F,1984.0,,Iraq,,36.0
46031,Raghad Hussein,F,1968.0,,Iraq,,52.0
59148,Muhsin al-Ramli,M,1967.0,,Iraq,,53.0
63255,Bashar Warda,M,1969.0,,Iraq,,51.0
70115,Nashat Akram,M,1984.0,,Iraq,,36.0
40401,Nechirvan Barzani,M,1966.0,,Iraq,,54.0
74660,Kobi Marimi,M,1991.0,,Israel,,29.0
52168,Hany Abu-Assad,M,1961.0,,Israel,,59.0
76383,Moran Mazor,F,1991.0,,Israel,,29.0
83281,Nir Bitton,M,1991.0,,Israel,,29.0
64143,Aviv Geffen,M,1973.0,,Israel,,47.0
45589,Yardena Arazi,F,1951.0,,Israel,,69.0
64981,Shiri Maimon,F,1981.0,,Israel,,39.0
66085,Amir Ohana,M,1976.0,,Israel,,44.0
64757,Gai Assulin,M,1991.0,,Israel,,29.0
77353,Eden Ben Basat,M,1986.0,,Israel,,34.0
38414,Oded Fehr,M,1970.0,,Israel,,50.0
55273,Samuel Maoz,M,1962.0,,Israel,,58.0
35690,Yvan Attal,M,1965.0,,Israel,,55.0
58574,Dudu Aouate,M,1977.0,,Israel,,43.0
42926,David Deutsch,M,1953.0,,Israel,,67.0
46014,Isaac Herzog,M,1960.0,,Israel,,60.0
73555,Elyaniv Barda,F,1981.0,,Israel,,39.0
69171,Ben Sahar,M,1989.0,,Israel,,31.0
64598,Linor Abargil,F,1980.0,,Israel,,40.0
56834,Haim Revivo,M,1972.0,,Israel,,48.0
80983,Or Sasson,M,1990.0,,Israel,,30.0
38038,Ayelet Zurer,F,1969.0,,Israel,,51.0
31755,Gabi Ashkenazi,M,1954.0,,Israel,,66.0
28707,Dana International,F,1969.0,,Israel,,51.0
46186,Hiam Abbass,F,1960.0,,Israel,,60.0
62766,Nitzan Horowitz,M,1965.0,,Israel,,55.0
54320,Uri Lupolianski,M,1951.0,,Israel,,69.0
77230,Gal Alberman,M,1983.0,,Israel,,37.0
74089,Idan Tal,M,1975.0,,Israel,,45.0
79994,Omer Damari,M,1989.0,,Israel,,31.0
79005,Tamir Cohen,M,1984.0,,Israel,,36.0
60674,Eli Yishai,M,1962.0,,Israel,,58.0
76827,Viktor Tsyhankov,F,1997.0,,Israel,,23.0
55255,Hana Laszlo,F,1953.0,,Israel,,67.0
74145,Harel Levy,M,1978.0,,Israel,,42.0
63133,Alona Tal,F,1983.0,,Israel,,37.0
81848,Shahar Tzuberi,M,1986.0,,Israel,,34.0
50971,Rina Mor,F,1956.0,,Israel,,64.0
58150,Erez Tal,M,1961.0,,Israel,,59.0
71648,Esti Ginzburg,F,1990.0,,Israel,,30.0
82300,Ahmad Abughaush,M,1996.0,,Jordan,,24.0
76001,Amer Shafi,M,1982.0,,Jordan,,38.0
7308,Abdullah II of Jordan,M,1962.0,,Jordan,,58.0
70781,Omar M. Yaghi,M,1965.0,,Jordan,,55.0
58272,Zeid Raad Al Hussein,M,1964.0,,Jordan,,56.0
47543,Haya bint Hussein,F,1974.0,,Jordan,,46.0
43991,Omar Razzaz,F,1961.0,,Jordan,,59.0
85271,Hamza Al-Dardour,F,1991.0,,Jordan,,29.0
54126,Prince Ali bin Hussein,M,1975.0,,Jordan,,45.0
65760,Samir Rifai,M,1966.0,,Jordan,,54.0
50858,Hani Mulki,M,1951.0,,Jordan,,69.0
61666,"Hussein, Crown Prince of Jordan",M,1994.0,,Jordan,,26.0
60275,Olga Shishigina,F,1968.0,,Kazakhstan,,52.0
9154,Kassym-Jomart Tokayev,F,1953.0,,Kazakhstan,,67.0
74240,Andrey Zeits,M,1986.0,,Kazakhstan,,34.0
37573,Alexander Vinokourov,M,1973.0,,Kazakhstan,,47.0
78281,Daniyar Yeleussinov,M,1991.0,,Kazakhstan,,29.0
55927,Bakhytzhan Sagintayev,F,1963.0,,Kazakhstan,,57.0
46629,Dimash Kudaibergen,M,1994.0,,Kazakhstan,,26.0
67494,Andrey Kashechkin,M,1980.0,,Kazakhstan,,40.0
72639,Bakhyt Sarsekbayev,M,1981.0,,Kazakhstan,,39.0
50799,Ruslan Aushev,M,1954.0,,Kazakhstan,,66.0
67284,Ilya Ilyin,M,1988.0,,Kazakhstan,,32.0
45582,Vladimir Smirnov,M,1964.0,,Kazakhstan,,56.0
81557,Zhanar Dugalova,F,1987.0,,Kazakhstan,,33.0
37600,Alu Alkhanov,M,1957.0,,Kazakhstan,,63.0
85422,Yuliya Galysheva,F,1992.0,,Kazakhstan,,28.0
67266,Ömürbek Babanov,M,1970.0,,Kazakhstan,,50.0
80880,Dmitriy Balandin,F,1995.0,,Kazakhstan,,25.0
68401,Evgeni Nabokov,M,1975.0,,Kazakhstan,,45.0
80494,Heinrich Schmidtgal,M,1985.0,,Kazakhstan,,35.0
73644,Ruslan Baltiev,M,1978.0,,Kazakhstan,,42.0
54284,Rashid Nurgaliyev,M,1956.0,,Kazakhstan,,64.0
67542,Serik Sapiyev,M,1983.0,,Kazakhstan,,37.0
71074,Eduard Hämäläinen,M,1969.0,,Kazakhstan,,51.0
66702,Olga Rypakova,F,1984.0,,Kazakhstan,,36.0
44643,Dariga Nazarbayeva,F,1963.0,,Kazakhstan,,57.0
82650,Konstantin Engel,M,1988.0,,Kazakhstan,,32.0
70482,Dmitry Fofonov,M,1976.0,,Kazakhstan,,44.0
76959,Alexander Parygin,M,1973.0,,Kazakhstan,,47.0
73097,Zarina Diyas,F,1993.0,,Kazakhstan,,27.0
56691,Imangali Tasmagambetov,M,1956.0,,Kazakhstan,,64.0
80455,Yeldos Smetov,M,1992.0,,Kazakhstan,,28.0
70320,Alexey Lutsenko,M,1992.0,,Kazakhstan,,28.0
64314,Alexander Merkel,M,1992.0,,Kazakhstan,,28.0
70224,Assan Bazayev,M,1981.0,,Kazakhstan,,39.0
50919,Karim Massimov,M,1965.0,,Kazakhstan,,55.0
75794,Elena Ilinykh,F,1994.0,,Kazakhstan,,26.0
37025,Timur Bekmambetov,M,1961.0,,Kazakhstan,,59.0
54537,Gennady Golovkin,M,1982.0,,Kazakhstan,,38.0
44896,Sergei Lukyanenko,M,1968.0,,Kazakhstan,,52.0
80269,Dimitrij Nazarov,M,1990.0,,Kazakhstan,,30.0
51528,Mishary Rashid Alafasy,M,1976.0,,Kuwait,,44.0
64367,Yasser Al-Habib,M,1979.0,,Kuwait,,41.0
12262,Queen Rania of Jordan,F,1970.0,,Kuwait,,50.0
73987,Bader Al-Mutawa,M,1985.0,,Kuwait,,35.0
53021,Ramzi Yousef,M,1968.0,,Kuwait,,52.0
61623,Fehaid Al-Deehani,M,1966.0,,Kuwait,,54.0
58200,Faisal Al-Dakhil,M,1957.0,,Kuwait,,63.0
66176,Bashar Abdullah,M,1977.0,,Kuwait,,43.0
83919,Mirlan Murzaev,M,1990.0,,Kyrgyzstan,,30.0
64998,Daniar Usenov,F,1960.0,,Kyrgyzstan,,60.0
62014,Azim Isabekov,M,1960.0,,Kyrgyzstan,,60.0
77502,Maiya Maneza,F,1985.0,,Kyrgyzstan,,35.0
57160,Igor Paklin,M,1963.0,,Kyrgyzstan,,57.0
58370,Mariya Pinigina,F,1958.0,,Kyrgyzstan,,62.0
76468,Polina Kuznetsova,F,1987.0,,Kyrgyzstan,,33.0
16656,Sooronbay Jeenbekov,M,1958.0,,Kyrgyzstan,,62.0
83437,Ernesto Inarkiev,M,1985.0,,Kyrgyzstan,,35.0
62646,Murat Zyazikov,M,1957.0,,Kyrgyzstan,,63.0
64231,Tatyana Kolpakova,F,1959.0,,Kyrgyzstan,,61.0
60479,Zhantoro Satybaldiyev,M,1956.0,,Kyrgyzstan,,64.0
70852,Sapar Isakov,M,1977.0,,Kyrgyzstan,,43.0
20024,Almazbek Atambayev,M,1956.0,,Kyrgyzstan,,64.0
44832,Talant Duyshebaev,M,1968.0,,Kyrgyzstan,,52.0
49613,Mukhammedkalyi Abylgaziev,M,1968.0,,Kyrgyzstan,,52.0
24033,Vitali Klitschko,M,1971.0,,Kyrgyzstan,,49.0
81008,Lilli Schwarzkopf,F,1983.0,,Kyrgyzstan,,37.0
40940,Jamala,F,1983.0,,Kyrgyzstan,,37.0
79043,Vitalij Lux,F,1989.0,,Kyrgyzstan,,31.0
83015,Ilzat Akhmetov,M,1997.0,,Kyrgyzstan,,23.0
71579,Kristina Vogel,F,1990.0,,Kyrgyzstan,,30.0
85259,Ruslan Tyumenbayev,M,1986.0,,Kyrgyzstan,,34.0
75218,Yuriy Melnichenko,M,1972.0,,Kyrgyzstan,,48.0
55919,Salizhan Sharipov,M,1964.0,,Kyrgyzstan,,56.0
58611,Temir Sariyev,M,1963.0,,Kyrgyzstan,,57.0
63857,Igor Chudinov,M,1961.0,,Kyrgyzstan,,59.0
74465,Elena Baranova,F,1972.0,,Kyrgyzstan,,48.0
53638,Djoomart Otorbaev,M,1955.0,,Kyrgyzstan,,65.0
44195,Bouasone Bouphavanh,M,1954.0,,Laos,,66.0
79248,Visay Phaphouvanin,M,1985.0,,Laos,,35.0
88927,Ki Daophet Niuhuang,M,1972.0,,Laos,,48.0
53154,Ara Malikian,M,1968.0,,Lebanon,,52.0
40817,Nadine Labaki,F,1974.0,,Lebanon,,46.0
31049,Samir Geagea,M,1952.0,,Lebanon,,68.0
56848,Wajdi Mouawad,M,1968.0,,Lebanon,,52.0
25725,Gazebo,M,1960.0,,Lebanon,,60.0
71884,Aline Lahoud,F,1981.0,,Lebanon,,34.0
44975,Maher Zain,M,1981.0,,Lebanon,,39.0
59407,Nawal Al Zoghbi,F,1971.0,,Lebanon,,49.0
60276,Myriam Fares,F,1983.0,,Lebanon,,37.0
28395,Hassan Diab,M,1959.0,,Lebanon,,61.0
58443,Joumana Haddad,F,1970.0,,Lebanon,,50.0
38548,Haifa Wehbe,F,1976.0,,Lebanon,,48.0
44799,Mona Hatoum,F,1952.0,,Lebanon,,68.0
31463,Steve Kerr,M,1965.0,,Lebanon,,55.0
43407,Fares Fares,M,1973.0,,Lebanon,,47.0
65598,Massari,M,1980.0,,Lebanon,,40.0
44146,Majida El Roumi,F,1956.0,,Lebanon,,64.0
66837,Michael Malarkey,M,1983.0,,Lebanon,,37.0
66367,K.Maro,M,1980.0,,Lebanon,,40.0
2815,Keanu Reeves,M,1964.0,,Lebanon,,56.0
49624,Najwa Karam,F,1966.0,,Lebanon,,54.0
27658,Mia Khalifa,F,1993.0,,Lebanon,,27.0
34851,Nancy Ajram,F,1983.0,,Lebanon,,37.0
72500,George Mourad,F,1982.0,,Lebanon,,38.0
11743,Hassan Nasrallah,M,1960.0,,Lebanon,,60.0
61733,Ibrahim Maalouf,F,1980.0,,Lebanon,,40.0
46109,Amal Clooney,F,1978.0,,Lebanon,,42.0
19272,Nassim Nicholas Taleb,M,1960.0,,Lebanon,,60.0
62346,Arsinée Khanjian,F,1958.0,,Lebanon,,62.0
76722,Rima Fakih,F,1985.0,,Lebanon,,35.0
20022,Serj Tankian,M,1967.0,,Lebanon,,53.0
68894,Huda Zoghbi,F,1954.0,,Lebanon,,66.0
47327,John Dolmayan,M,1973.0,,Lebanon,,47.0
66288,Josef Fares,M,1977.0,,Lebanon,,43.0
31920,Najib Mikati,M,1955.0,,Lebanon,,65.0
47105,Layal Abboud,F,1982.0,,Lebanon,,38.0
44906,Elissa,F,1972.0,,Lebanon,,48.0
46101,Rabih Abou-Khalil,M,1957.0,,Lebanon,,63.0
30904,Mika,M,1983.0,,Lebanon,,37.0
42815,Elie Saab,M,1964.0,,Lebanon,,56.0
49375,Fernando Chui,M,1957.0,,Macao,,63.0
65286,Isabella Leong,F,1988.0,,Macao,,32.0
39147,Ming-Na Wen,F,1963.0,,Macao,,57.0
54542,Edmund Ho,M,1955.0,,Macao,,65.0
85833,Wan Zack Haikal,M,1991.0,,Malaysia,,29.0
60579,Henry Golding,M,1987.0,,Malaysia,,33.0
78935,Azizulhasni Awang,M,1988.0,,Malaysia,,32.0
66412,Alex Yoong,M,1976.0,,Malaysia,,44.0
54185,Lee Chong Wei,M,1982.0,,Malaysia,,38.0
54886,Siti Nurhaliza,F,1979.0,,Malaysia,,41.0
86456,Alex Edmondson,M,1993.0,,Malaysia,,27.0
79603,Fairuz Fauzy,M,1982.0,,Malaysia,,38.0
57196,Tony Fernandes,M,1964.0,,Malaysia,,56.0
16691,Michelle Yeoh,F,1962.0,,Malaysia,,58.0
38223,Muhammad V of Kelantan,M,1969.0,,Malaysia,,51.0
60919,Simon Russell Beale,F,1961.0,,Malaysia,,59.0
38476,Tsai Ming-liang,M,1957.0,,Malaysia,,63.0
59283,Joe Simpson,M,1960.0,,Malaysia,,60.0
55440,Sri Mulyani,F,1962.0,,Malaysia,,58.0
77012,Shaun Maloney,M,1983.0,,Malaysia,,37.0
21592,Najib Razak,M,1953.0,,Malaysia,,67.0
23290,Abdullah of Pahang,M,1959.0,,Malaysia,,61.0
79861,Nisha Ayub,,1979.0,,Malaysia,,41.0
33407,James Wan,M,1977.0,,Malaysia,,43.0
74380,Rashid Sidek,M,1968.0,,Malaysia,,52.0
82246,Pandelela Rinong,F,1993.0,,Malaysia,,27.0
76268,Nicol David,F,1983.0,,Malaysia,,37.0
67657,Fish Leong,F,1978.0,,Malaysia,,42.0
86735,Cheong Jun Hoong,F,1990.0,,Malaysia,,30.0
73401,Che'Nelle,F,1983.0,,Malaysia,,37.0
47455,Mizan Zainal Abidin of Terengganu,M,1962.0,,Malaysia,,58.0
55435,Subkhiddin Mohd Salleh,M,1966.0,,Malaysia,,54.0
59502,Sheikh Muszaphar Shukor,M,1972.0,,Malaysia,,48.0
83532,Tadashi Takeda,M,1986.0,,Malaysia,,34.0
71688,Guy Sebastian,M,1981.0,,Malaysia,,39.0
44939,Claudia Wells,F,1966.0,,Malaysia,,54.0
43276,Mohammed Waheed Hassan,M,1953.0,,Maldives,,67.0
85169,Ali Ashfaq,M,1985.0,,Maldives,,35.0
48998,Abdulla Yameen,M,1959.0,,Maldives,,61.0
37676,Ibrahim Mohamed Solih,M,1962.0,,Maldives,,58.0
53470,Mohamed Nasheed,M,1967.0,,Maldives,,53.0
26246,Khaltmaagiin Battulga,M,1963.0,,Mongolia,,57.0
81442,Pürevdorjiin Serdamba,M,1985.0,,Mongolia,,35.0
78841,Khashbaataryn Tsagaanbaatar,M,1984.0,,Mongolia,,36.0
30838,Nambaryn Enkhbayar,M,1958.0,,Mongolia,,62.0
55989,Hakuhō Shō,M,1985.0,,Mongolia,,35.0
54558,Norovyn Altankhuyag,M,1958.0,,Mongolia,,62.0
67160,Jargaltulgyn Erdenebat,M,1973.0,,Mongolia,,46.0
43908,Ukhnaagiin Khürelsükh,M,1968.0,,Mongolia,,52.0
82846,Uranchimegiin Mönkh-Erdene,F,1982.0,,Mongolia,,38.0
81272,Sainjargalyn Nyam-Ochir,M,1986.0,,Mongolia,,34.0
71759,Enkhbatyn Badar-Uugan,M,1985.0,,Mongolia,,35.0
37489,Tsakhiagiin Elbegdorj,M,1963.0,,Mongolia,,57.0
57654,Asashōryū Akinori,M,1980.0,,Mongolia,,40.0
88121,Tugstsogt Nyambayar,M,1992.0,,Mongolia,,28.0
51705,Sükhbaataryn Batbold,M,1963.0,,Mongolia,,57.0
68352,Naidangiin Tüvshinbayar,M,1984.0,,Mongolia,,36.0
55826,Miyeegombyn Enkhbold,M,1964.0,,Mongolia,,56.0
64831,Chimediin Saikhanbileg,M,1969.0,,Mongolia,,51.0
77991,Dorjsürengiin Sumiyaa,F,1991.0,,Mongolia,,29.0
84547,Galbadrakhyn Otgontsetseg,F,1992.0,,Mongolia,,28.0
55777,Sanjaagiin Bayar,M,1956.0,,Mongolia,,64.0
21942,Win Myint,M,1951.0,,Myanmar (Burma),,69.0
57644,James Wilby,M,1958.0,,Myanmar (Burma),,62.0
68254,Ashin Wirathu,M,1968.0,,Myanmar (Burma),,52.0
64653,Madhav Kumar Nepal,M,1953.0,,Nepal,,67.0
71988,Ani Choying Drolma,F,1971.0,,Nepal,,49.0
7149,Suman Pokhrel,M,1967.0,,Nepal,,53.0
84426,Amrita Acharia,F,1987.0,,Nepal,,33.0
51076,Apa Sherpa,M,1960.0,,Nepal,,60.0
63183,Baburam Bhattarai,M,1954.0,,Nepal,,66.0
29128,Jigme Khesar Namgyel Wangchuck,M,1980.0,,Nepal,,40.0
26275,Bidhya Devi Bhandari,F,1961.0,,Nepal,,59.0
88865,Gaurika Singh,F,2002.0,,Nepal,,18.0
50780,KP Sharma Oli,M,1952.0,,Nepal,,68.0
61788,Dichen Lachman,F,1982.0,,Nepal,,38.0
69900,Ram Bahadur Bomjon,M,1990.0,,Nepal,,30.0
84242,Prakash Neupane,F,1997.0,,Nepal,,23.0
48821,Pushpa Kamal Dahal,M,1954.0,,Nepal,,66.0
61576,Manisha Koirala,F,1970.0,,Nepal,,50.0
67633,Ri Myong-guk,M,1986.0,,North Korea,,34.0
83074,Kim Un-guk,M,1988.0,,North Korea,,32.0
84548,Jon Kwang-ik,F,1988.0,,North Korea,,32.0
83034,Kim Song-i,F,1994.0,,North Korea,,26.0
69644,Li Bun-hui,F,1968.0,,North Korea,,52.0
75374,Kim Myong-gil,M,1984.0,,North Korea,,36.0
74955,An Chol-hyok,M,1987.0,,North Korea,,33.0
74104,Kim Il,M,1971.0,,North Korea,,49.0
79217,Kim Hyang-mi,F,1979.0,,North Korea,,41.0
71209,Yu Sun-bok,F,1970.0,,North Korea,,50.0
66925,Kye Sun-hui,F,1979.0,,North Korea,,41.0
31013,Ri Sol-ju,F,1980.0,,North Korea,,35.0
80298,Pak Hyon-suk,F,1985.0,,North Korea,,35.0
59742,Hong Yong-jo,M,1982.0,,North Korea,,38.0
28187,Kim Jong-chul,M,1981.0,,North Korea,,39.0
45297,Kim Jong-hun,M,1956.0,,North Korea,,64.0
81502,Ri Chol-myong,M,1988.0,,North Korea,,32.0
81993,Ri Jun-il,M,1987.0,,North Korea,,33.0
83324,Pak Sung-hyok,M,1990.0,,North Korea,,30.0
69244,Cha Jong-hyok,M,1985.0,,North Korea,,35.0
61121,Shin Dong-hyuk,M,1982.0,,North Korea,,38.0
69325,Kim Myong-won,M,1983.0,,North Korea,,37.0
73796,Pak Chol-jin,M,1985.0,,North Korea,,35.0
80226,Kim Kyong-il,M,1988.0,,North Korea,,32.0
78362,Ri Kwang-chon,M,1985.0,,North Korea,,35.0
4964,Kim Jong-un,M,1983.0,,North Korea,,36.0
82867,Jong Il-gwan,M,1992.0,,North Korea,,28.0
79357,Choe Kum-chol,M,1987.0,,North Korea,,33.0
39036,Kim Hyon-hui,F,1962.0,,North Korea,,58.0
77993,Pak Chol-min,M,1982.0,,North Korea,,38.0
61943,Ji Yun-nam,M,1976.0,,North Korea,,44.0
80508,Nam Song-chol,M,1982.0,,North Korea,,38.0
20545,Kim Pyong-il,M,1954.0,,North Korea,,66.0
73065,Mun In-guk,M,1978.0,,North Korea,,42.0
23041,Kim Yo-jong,F,1988.0,,North Korea,,33.0
80735,Ri Kwang-hyok,M,1987.0,,North Korea,,33.0
80463,Om Yun-chol,M,1991.0,,North Korea,,29.0
73552,Pak Nam-chol,M,1985.0,,North Korea,,35.0
81448,Ri Se-gwang,M,1985.0,,North Korea,,35.0
61386,Kim Yong-jun,M,1983.0,,North Korea,,37.0
35578,Isla Fisher,F,1976.0,,Oman,,44.0
86953,Sneha Ullal,F,1987.0,,Oman,,33.0
59924,Ali Al-Habsi,M,1981.0,,Oman,,39.0
12511,Haitham bin Tariq,M,1955.0,,Oman,,65.0
81009,Amad Al-Hosni,M,1984.0,,Oman,,36.0
83463,Veena Malik,F,1984.0,,Pakistan,,36.0
76466,Kamila Shamsie,F,1973.0,,Pakistan,,47.0
77226,Hina Rabbani Khar,F,1977.0,,Pakistan,,43.0
82477,Fawad Khan,M,1981.0,,Pakistan,,39.0
82370,Ali Zafar,M,1980.0,,Pakistan,,40.0
84305,Waqar Younis,F,1971.0,,Pakistan,,49.0
37783,Shehbaz Sharif,M,1951.0,,Pakistan,,69.0
69082,Abida Parveen,F,1954.0,,Pakistan,,66.0
61090,Muhammad Tahir-ul-Qadri,M,1951.0,,Pakistan,,69.0
35712,Kumail Nanjiani,M,1978.0,,Pakistan,,42.0
49254,Yousaf Raza Gillani,M,1952.0,,Pakistan,,68.0
78248,Mohsin Hamid,M,1971.0,,Pakistan,,49.0
80894,Atif Aslam,M,1983.0,,Pakistan,,37.0
73148,Shahid Afridi,M,1980.0,,Pakistan,,45.0
72904,Rahat Fateh Ali Khan,M,1973.0,,Pakistan,,46.0
69535,Aafia Siddiqui,F,1972.0,,Pakistan,,48.0
84664,Sharmeen Obaid-Chinoy,F,1978.0,,Pakistan,,42.0
70420,Salma Agha,F,1956.0,,Pakistan,,64.0
61157,Iqbal Theba,M,1963.0,,Pakistan,,57.0
70615,Ashfaq Parvez Kayani,M,1952.0,,Pakistan,,68.0
80622,Dilshad Vadsaria,F,1985.0,,Pakistan,,35.0
77779,Nadeem Aslam,M,1966.0,,Pakistan,,54.0
21561,Imran Khan,M,1952.0,,Pakistan,,68.0
80554,Mukhtar Mai,F,1972.0,,Pakistan,,48.0
84824,Misbah-ul-Haq,M,1974.0,,Pakistan,,46.0
39019,Malala Yousafzai,F,1997.0,,Pakistan,,23.0
68461,Chris Anderson,M,1957.0,,Pakistan,,63.0
81028,Shoaib Akhtar,M,1975.0,,Pakistan,,45.0
31630,Asif Ali Zardari,M,1955.0,,Pakistan,,65.0
88651,Mohammad Amir,M,1992.0,,Pakistan,,28.0
75362,Bilawal Bhutto Zardari,M,1988.0,,Pakistan,,32.0
35126,Khalid Sheikh Mohammed,M,1964.0,,Pakistan,,56.0
82280,Inzamam-ul-Haq,M,1970.0,,Pakistan,,50.0
76328,Wasim Akram,M,1966.0,,Pakistan,,54.0
82384,Aisam-ul-Haq Qureshi,M,1980.0,,Pakistan,,40.0
63091,Shahid Khaqan Abbasi,M,1958.0,,Pakistan,,62.0
76013,Hamid Mir,M,1966.0,,Pakistan,,54.0
73012,Chris Van Hollen,M,1959.0,,Pakistan,,61.0
73171,Jahangir Khan,M,1963.0,,Pakistan,,57.0
51473,Amrita Singh,F,1958.0,,Pakistan,,62.0
18266,Ismail Haniyeh,M,1962.0,,Palestine,,58.0
19642,Khaled Mashal,M,1956.0,,Palestine,,64.0
88920,Randa Siniora,F,1961.0,,Palestine,,59.0
31779,Salam Fayyad,M,1952.0,,Palestine,,69.0
47089,Ahmad Sa'adat,M,1953.0,,Palestine,,67.0
40480,Marwan Barghouti,M,1959.0,,Palestine,,61.0
64768,Jake Zyrus,F,1992.0,,Philippines,,28.0
68455,Nonito Donaire,M,1982.0,,Philippines,,38.0
85302,Sarah Geronimo,F,1988.0,,Philippines,,32.0
84450,Kathryn Bernardo,F,1996.0,,Philippines,,24.0
57991,Freddie Aguilar,M,1953.0,,Philippines,,67.0
78549,Regine Velasquez,F,1970.0,,Philippines,,50.0
72885,Vanessa Lachey,F,1980.0,,Philippines,,40.0
63980,Brillante Mendoza,M,1960.0,,Philippines,,60.0
88411,Hidilyn Diaz,F,1991.0,,Philippines,,29.0
60594,Lea Salonga,F,1971.0,,Philippines,,49.0
22857,Isabel Preysler,F,1951.0,,Philippines,,69.0
46114,Apl.de.ap,M,1974.0,,Philippines,,46.0
65368,Joey Santiago,M,1965.0,,Philippines,,55.0
65418,Laidback Luke,M,1976.0,,Philippines,,44.0
51376,Reggie Lee,M,1975.0,,Philippines,,45.0
64211,Leni Robredo,F,1965.0,,Philippines,,55.0
63629,Eugenio Torre,M,1951.0,,Philippines,,69.0
24222,Manny Pacquiao,M,1978.0,,Philippines,,42.0
30175,Benigno Aquino III,M,1960.0,,Philippines,,60.0
87177,Angel Locsin,F,1985.0,,Philippines,,35.0
41403,Lou Diamond Phillips,M,1962.0,,Philippines,,58.0
86805,Kim Chiu,F,1990.0,,Philippines,,30.0
76782,Tim Tebow,M,1987.0,,Philippines,,33.0
87721,Mansueto Velasco,M,1974.0,,Philippines,,46.0
76364,Wesley So,M,1993.0,,Philippines,,27.0
66118,Charmane Star,F,1979.0,,Philippines,,41.0
84163,Daniel Padilla,M,1995.0,,Philippines,,25.0
52972,Luis Antonio Tagle,M,1957.0,,Philippines,,63.0
72508,Nora Aunor,F,1953.0,,Philippines,,67.0
88619,Carla Abellana,F,1986.0,,Philippines,,34.0
53983,Lav Diaz,M,1958.0,,Philippines,,62.0
62853,Gloria Diaz,F,1951.0,,Philippines,,69.0
64744,Maria Ressa,F,1963.0,,Philippines,,57.0
86228,Nadine Lustre,F,1993.0,,Philippines,,27.0
10266,Hamad bin Khalifa Al Thani,M,1952.0,,Qatar,,68.0
29094,Moza bint Nasser,F,1959.0,,Qatar,,61.0
41640,Abdullah bin Nasser bin Khalifa Al Thani,M,1960.0,,Qatar,,60.0
77439,Hassan Al-Haydos,M,1990.0,,Qatar,,30.0
72724,Mohammed Al-Modiahki,M,1974.0,,Qatar,,46.0
76946,Ahmed Yasser,M,1994.0,,Qatar,,26.0
64356,Mutaz Essa Barshim,M,1991.0,,Qatar,,29.0
75606,Saad Al Sheeb,M,1990.0,,Qatar,,30.0
31250,Tamim bin Hamad Al Thani,M,1980.0,,Qatar,,40.0
70709,Akram Afif,M,1996.0,,Qatar,,24.0
78468,Abdulaziz Hatem,M,1990.0,,Qatar,,30.0
41017,Hamad bin Jassim bin Jaber Al Thani,M,1959.0,,Qatar,,62.0
53986,Abdullah bin Khalifa Al Thani,M,1959.0,,Qatar,,62.0
71381,Khalfan Ibrahim,M,1988.0,,Qatar,,32.0
75447,Abdelkarim Hassan,M,1993.0,,Qatar,,27.0
33392,Nasser Al-Khelaifi,M,1973.0,,Qatar,,47.0
46685,Nasser Al-Attiyah,M,1970.0,,Qatar,,50.0
62381,Andreas Beck,M,1987.0,,Russia,,33.0
74373,Ekaterina Kovalevskaya,F,1974.0,,Russia,,46.0
67549,Natalya Bochina,F,1962.0,,Russia,,58.0
63534,Tatiana Bulanova,F,1969.0,,Russia,,51.0
29912,Vladimir Kramnik,M,1975.0,,Russia,,45.0
65832,David Musulbes,M,1972.0,,Russia,,48.0
54361,Leonid Slutsky,M,1971.0,,Russia,,49.0
64928,Natasha Poly,F,1985.0,,Russia,,35.0
46167,Aleksandre Chivadze,M,1955.0,,Russia,,65.0
75387,Tatyana Firova,F,1982.0,,Russia,,38.0
69720,Dmitri Kirichenko,M,1977.0,,Russia,,43.0
73944,Grigoriy Dobrygin,M,1986.0,,Russia,,34.0
51330,Alexander Volkov,M,1964.0,,Russia,,56.0
67033,Tamara Tikhonova,F,1964.0,,Russia,,56.0
64825,Ilia Kulik,M,1977.0,,Russia,,43.0
85493,Vladimir Dyadyun,M,1988.0,,Russia,,32.0
71837,Sergei Shipov,M,1966.0,,Russia,,54.0
67518,Ian Nepomniachtchi,M,1990.0,,Russia,,30.0
80981,Alexander Moiseenko,M,1980.0,,Russia,,40.0
72901,Alexei Markov,M,1979.0,,Russia,,41.0
57139,Alexei Yagudin,M,1980.0,,Russia,,40.0
79903,Yelena Dembo,F,1983.0,,Russia,,37.0
84034,Stanislav Kritsyuk,M,1990.0,,Russia,,30.0
79345,Denis Dmitriev,F,1986.0,,Russia,,34.0
70180,Vladimir Gabulov,M,1983.0,,Russia,,37.0
39676,Mikhail Pletnev,M,1957.0,,Russia,,63.0
59065,Aleksandr Skvortsov,M,1966.0,,Russia,,54.0
41484,Viktoria Mullova,F,1959.0,,Russia,,61.0
61913,Oleg Znarok,M,1963.0,,Russia,,57.0
53398,Mikhail Shishkin,F,1961.0,,Russia,,59.0
50148,Suleyman Kerimov,M,1966.0,,Russia,,54.0
63702,Rustem Khamitov,M,1954.0,,Russia,,66.0
67834,Yury Gazinsky,M,1989.0,,Russia,,31.0
79255,Maxim Belkov,F,1985.0,,Russia,,35.0
45006,Andrey Makarevich,M,1953.0,,Russia,,67.0
76774,Igor Polyansky,M,1967.0,,Russia,,53.0
69718,Sergei Karasev,M,1979.0,,Russia,,41.0
60055,Vitalik Buterin,M,1994.0,,Russia,,26.0
84100,Andrey Grechin,M,1987.0,,Russia,,33.0
60877,Sergei Treshchov,M,1958.0,,Russia,,62.0
25581,Sultan bin Salman Al Saud,M,1956.0,,Saudi Arabia,,64.0
72463,Fahad Al-Ghesheyan,M,1973.0,,Saudi Arabia,,47.0
51514,Adel al-Jubeir,M,1962.0,,Saudi Arabia,,58.0
21328,Al-Waleed bin Talal,M,1955.0,,Saudi Arabia,,65.0
76784,Al Hasan Al-Yami,M,1972.0,,Saudi Arabia,,48.0
77112,Yasser Al-Mosailem,M,1984.0,,Saudi Arabia,,36.0
81094,Motaz Hawsawi,M,1992.0,,Saudi Arabia,,28.0
78087,Abdullah Jumaan Al-Dosari,M,1977.0,,Saudi Arabia,,43.0
77421,Mohammed Ameen,M,1980.0,,Saudi Arabia,,40.0
69665,Abdullah Zubromawi,M,1973.0,,Saudi Arabia,,47.0
81581,Jimmy Wang,M,1985.0,,Saudi Arabia,,35.0
81959,Hattan Bahebri,M,1992.0,,Saudi Arabia,,28.0
64349,Yousuf Al-Thunayan,M,1963.0,,Saudi Arabia,,57.0
52281,Saud Al-Shuraim,M,1964.0,,Saudi Arabia,,56.0
79624,Naif Al-Qadi,M,1979.0,,Saudi Arabia,,41.0
71288,Ahmed Dokhi,M,1976.0,,Saudi Arabia,,44.0
48976,Haifaa al-Mansour,F,1974.0,,Saudi Arabia,,46.0
30829,Abdul Rahman Al-Sudais,M,1960.0,,Saudi Arabia,,60.0
72088,Omar Hawsawi,F,1985.0,,Saudi Arabia,,35.0
65557,Loujain al-Hathloul,F,1989.0,,Saudi Arabia,,31.0
69942,Mohammad Al-Shalhoub,M,1980.0,,Saudi Arabia,,40.0
75050,Abdullah Al-Mayouf,M,1987.0,,Saudi Arabia,,33.0
74953,Taisir Al-Jassim,M,1984.0,,Saudi Arabia,,36.0
57396,Melora Walters,F,1960.0,,Saudi Arabia,,61.0
80875,Walid Atta,M,1986.0,,Saudi Arabia,,34.0
78656,Waleed Abdullah,M,1986.0,,Saudi Arabia,,34.0
70423,Salman Al-Faraj,M,1989.0,,Saudi Arabia,,31.0
46625,Mohamed Al-Deayea,M,1972.0,,Saudi Arabia,,48.0
80458,Ali Al-Bulaihi,M,1989.0,,Saudi Arabia,,31.0
76378,Abdulmalek Al-Khaibri,F,1986.0,,Saudi Arabia,,34.0
82512,Rahaf Mohammed,F,2000.0,,Saudi Arabia,,20.0
77168,Saud Kariri,M,1980.0,,Saudi Arabia,,40.0
85721,Waleed Bakshween,M,1989.0,,Saudi Arabia,,31.0
64605,Ameera al-Taweel,F,1983.0,,Saudi Arabia,,37.0
80585,Naif Hazazi,M,1988.0,,Saudi Arabia,,32.0
69456,Salem Al-Dawsari,M,1991.0,,Saudi Arabia,,29.0
75982,Nasser Al-Shamrani,M,1983.0,,Saudi Arabia,,37.0
53654,Sami Al-Jaber,M,1972.0,,Saudi Arabia,,48.0
78913,Ahmed Al-Bahri,M,1980.0,,Saudi Arabia,,40.0
23635,Muhammad bin Nayef,M,1959.0,,Saudi Arabia,,61.0
10444,Halimah Yacob,F,1954.0,,Singapore,,66.0
51904,Kygo,M,1991.0,,Singapore,,29.0
60185,Stefanie Sun,F,1978.0,,Singapore,,42.0
13530,Lee Hsien Loong,M,1952.0,,Singapore,,68.0
55385,Terry Butcher,M,1958.0,,Singapore,,62.0
80294,Daniel Kowalski,M,1975.0,,Singapore,,45.0
41268,Ho Ching,F,1953.0,,Singapore,,67.0
61782,Kaylani Lei,F,1980.0,,Singapore,,40.0
64714,Shamsul Maidin,M,1966.0,,Singapore,,54.0
80849,Joseph Schooling,M,1995.0,,Singapore,,25.0
32779,Vanessa-Mae,F,1978.0,,Singapore,,42.0
57987,Annabel Chong,F,1972.0,,Singapore,,48.0
88342,Anders Aplin,F,1991.0,,Singapore,,29.0
48790,Wan Azizah Wan Ismail,F,1952.0,,Singapore,,68.0
60893,Ross Butler,M,1990.0,,Singapore,,30.0
53668,Fann Wong,F,1971.0,,Singapore,,49.0
59013,Tila Tequila,F,1981.0,,Singapore,,39.0
62387,JJ Lin,M,1981.0,,Singapore,,39.0
52870,Jackson Rathbone,M,1984.0,,Singapore,,36.0
74928,Cho Yoon-jeong,F,1979.0,,South Korea,,41.0
61348,Choi Woo-shik,M,1990.0,,South Korea,,30.0
78583,Kim Dong-moon,M,1975.0,,South Korea,,45.0
59546,Shin Tae-yong,M,1970.0,,South Korea,,50.0
77205,Oh Ban-suk,M,1988.0,,South Korea,,32.0
75501,Kim Bo-kyung,M,1989.0,,South Korea,,31.0
72909,Kim Hyung-il,M,1984.0,,South Korea,,36.0
46299,Ha Seok-jin,M,1982.0,,South Korea,,38.0
77089,Cho Sung-hwan,M,1982.0,,South Korea,,38.0
55335,Park Hyung-sik,M,1991.0,,South Korea,,29.0
74540,Kim Hyung-jun,M,1987.0,,South Korea,,33.0
35895,Lee Jong-suk,M,1989.0,,South Korea,,31.0
41531,IU,F,1993.0,,South Korea,,27.0
48179,John Cho,M,1972.0,,South Korea,,48.0
70327,Park Han-byul,F,1984.0,,South Korea,,36.0
46230,Cho Yeo-jeong,F,1981.0,,South Korea,,39.0
14669,Bong Joon-ho,M,1969.0,,South Korea,,51.0
70035,Jun Hyo-seong,F,1989.0,,South Korea,,31.0
57885,Oh Se-hun,M,1994.0,,South Korea,,26.0
81271,Baek Sung-dong,M,1991.0,,South Korea,,29.0
54007,Park Hae-jin,M,1983.0,,South Korea,,37.0
55581,Hwang Jung-eum,F,1985.0,,South Korea,,35.0
40644,Yunjin Kim,F,1973.0,,South Korea,,47.0
86640,Kim Jang-mi,F,1992.0,,South Korea,,28.0
83037,Lee Sung-jin,F,1985.0,,South Korea,,35.0
51352,Ha-Joon Chang,M,1963.0,,South Korea,,57.0
56024,Seohyun,F,1991.0,,South Korea,,29.0
82569,Gu Sung-yun,M,1994.0,,South Korea,,26.0
86131,Lydia Ko,F,1997.0,,South Korea,,23.0
75949,Lee Sung-yeol,M,1991.0,,South Korea,,29.0
56251,Lee Kwang-soo,M,1985.0,,South Korea,,35.0
65241,Jang Hyun-soo,M,1991.0,,South Korea,,29.0
61628,Eun Ji-won,F,1978.0,,South Korea,,42.0
63408,Han Ji-hye,F,1984.0,,South Korea,,36.0
54114,Seo Taiji,M,1972.0,,South Korea,,48.0
65642,Hwang Hee-chan,F,1996.0,,South Korea,,24.0
64999,Choi Jin-cheul,M,1971.0,,South Korea,,49.0
84501,Park Seung-hi,F,1992.0,,South Korea,,28.0
62571,JB,M,1994.0,,South Korea,,26.0
65175,Park Ji-yoon,F,1982.0,,South Korea,,38.0
85013,Mahela Jayawardene,M,1977.0,,Sri Lanka,,43.0
68678,Alexander Khloponin,F,1965.0,,Sri Lanka,,55.0
81006,David Wilkie,M,1954.0,,Sri Lanka,,66.0
40342,Maithripala Sirisena,M,1951.0,,Sri Lanka,,69.0
85724,Lasith Malinga,M,1983.0,,Sri Lanka,,37.0
72600,Susanthika Jayasinghe,F,1975.0,,Sri Lanka,,45.0
78666,Sanath Jayasuriya,F,1969.0,,Sri Lanka,,51.0
75881,Muttiah Muralitharan,M,1972.0,,Sri Lanka,,48.0
81203,Kumar Sangakkara,M,1977.0,,Sri Lanka,,43.0
76566,Rojda Felat,F,1980.0,,Syria,,40.0
56264,Yasser Seirawan,M,1960.0,,Syria,,60.0
52621,Suheil al-Hassan,M,1970.0,,Syria,,50.0
64922,Mahmoud Dahoud,M,1996.0,,Syria,,24.0
48604,Wafa Sultan,F,1958.0,,Syria,,62.0
49448,Omar Souleyman,M,1966.0,,Syria,,54.0
61854,Razan Zaitouneh,F,1977.0,,Syria,,43.0
3087,Bashar al-Assad,M,1965.0,,Syria,,55.0
75899,Omar Kharbin,M,1994.0,,Syria,,26.0
52704,Adel Safar,M,1953.0,,Syria,,67.0
55256,Omar Ibrahim Ghalawanji,M,1954.0,,Syria,,66.0
51321,Wael Nader al-Halqi,M,1964.0,,Syria,,56.0
56395,Abu Mohammad al-Julani,F,1981.0,,Syria,,39.0
27849,Salih Muslim,M,1951.0,,Syria,,69.0
32733,Maher al-Assad,M,1967.0,,Syria,,53.0
33897,Muhammed Faris,M,1951.0,,Syria,,69.0
29586,Ghassan Massoud,M,1958.0,,Syria,,62.0
69806,Sanharib Malki,M,1984.0,,Syria,,36.0
30810,John X of Antioch,M,1955.0,,Syria,,65.0
68791,Yusra Mardini,F,1998.0,,Syria,,22.0
75708,Firas Al-Khatib,M,1983.0,,Syria,,37.0
56876,Assala Nasri,F,1969.0,,Syria,,51.0
82792,Majd Eddin Ghazal,M,1987.0,,Syria,,33.0
58029,Riyad Farid Hijab,M,1966.0,,Syria,,54.0
44270,Salim Idris,M,1957.0,,Syria,,63.0
49667,Ali Farzat,M,1951.0,,Syria,,69.0
53483,Moaz al-Khatib,M,1960.0,,Syria,,60.0
57793,Ghada Shouaa,F,1972.0,,Syria,,48.0
38632,Riad al-Asaad,M,1961.0,,Syria,,59.0
4775,Tsai Ing-wen,F,1956.0,,Taiwan,,64.0
35339,Chen Chien-jen,M,1951.0,,Taiwan,,69.0
62110,Rene Liu,F,1970.0,,Taiwan,,50.0
68031,Cyndi Wang,F,1982.0,,Taiwan,,38.0
46389,Lin Chi-ling,F,1974.0,,Taiwan,,46.0
79538,Chen Wei-ling,F,1982.0,,Taiwan,,38.0
59295,Chang Chen,M,1976.0,,Taiwan,,44.0
71860,Michelle Krusiec,F,1974.0,,Taiwan,,46.0
46178,William Lai,F,1959.0,,Taiwan,,61.0
82237,Chan Hao-ching,F,1993.0,,Taiwan,,27.0
70304,Lu Yen-hsun,M,1983.0,,Taiwan,,37.0
74571,Latisha Chan,F,1989.0,,Taiwan,,31.0
58954,Show Lo,M,1979.0,,Taiwan,,41.0
30902,Shu Qi,F,1976.0,,Taiwan,,44.0
78896,Chen Shih-hsin,F,1978.0,,Taiwan,,42.0
49030,Ruby Lin,F,1976.0,,Taiwan,,44.0
43492,Sylvia Chang,F,1953.0,,Taiwan,,67.0
41986,Han Kuo-yu,M,1957.0,,Taiwan,,63.0
63153,Kobe Tai,F,1972.0,,Taiwan,,48.0
34292,Takeshi Kaneshiro,M,1973.0,,Taiwan,,47.0
67585,Selina Jen,F,1981.0,,Taiwan,,39.0
50088,Vivian Hsu,F,1975.0,,Taiwan,,45.0
59700,Joe Chen,F,1979.0,,Taiwan,,41.0
84041,Hsu Shu-ching,F,1991.0,,Taiwan,,29.0
56998,Chou Tzu-yu,F,1999.0,,Taiwan,,21.0
80328,Chan Chin-wei,F,1985.0,,Taiwan,,35.0
47863,David Ho,M,1952.0,,Taiwan,,68.0
57791,Eric Chu,M,1961.0,,Taiwan,,59.0
43619,Jay Chou,M,1979.0,,Taiwan,,41.0
58567,Vic Chou,M,1981.0,,Taiwan,,39.0
57008,Aaron Yan,M,1985.0,,Taiwan,,35.0
48190,Justin Lin,M,1971.0,,Taiwan,,49.0
56175,Jerry Yan,M,1977.0,,Taiwan,,43.0
79557,Joe Alexander,M,1986.0,,Taiwan,,34.0
45893,Jolin Tsai,F,1980.0,,Taiwan,,40.0
59262,Ariel Lin,F,1982.0,,Taiwan,,38.0
79403,Chang Kai-chen,F,1991.0,,Taiwan,,29.0
66744,Jiang Yi-huah,M,1960.0,,Taiwan,,60.0
62367,Ella Chen,F,1981.0,,Taiwan,,39.0
58260,A-Mei,F,1972.0,,Taiwan,,48.0
77681,Khasan Baroyev,M,1982.0,,Tajikistan,,38.0
35709,Nellie Kim,F,1957.0,,Tajikistan,,63.0
67758,Rashid Rakhimov,M,1965.0,,Tajikistan,,55.0
9292,Emomali Rahmon,M,1952.0,,Tajikistan,,68.0
83732,Alan Kasaev,M,1986.0,,Tajikistan,,34.0
37247,Viktor Bout,M,1967.0,,Tajikistan,,53.0
67411,Dilshod Nazarov,M,1982.0,,Tajikistan,,38.0
42282,Kokhir Rasulzoda,M,1959.0,,Tajikistan,,61.0
77251,Rasul Boqiev,M,1982.0,,Tajikistan,,38.0
25304,Tony Jaa,M,1976.0,,Thailand,,44.0
83475,Mangpor Chonthicha,F,1983.0,,Thailand,,37.0
59825,Siriporn Ampaipong,F,1964.0,,Thailand,,56.0
2766,Vajiralongkorn,M,1952.0,,Thailand,,68.0
64201,Bui Simon,F,1968.0,,Thailand,,52.0
87497,Sittichok Paso,M,1999.0,,Thailand,,21.0
48605,Apichatpong Weerasethakul,M,1970.0,,Thailand,,50.0
66987,Parinya Charoenphol,F,1981.0,,Thailand,,39.0
51962,Mum Jokmok,M,1965.0,,Thailand,,55.0
79076,Wijan Ponlid,M,1976.0,,Thailand,,44.0
84220,Sopita Tanasan,F,1994.0,,Thailand,,26.0
65350,Pornsak Songsaeng,M,1960.0,,Thailand,,60.0
47216,Suthida,F,1978.0,,Thailand,,42.0
72807,Kawin Thamsatchanan,M,1990.0,,Thailand,,30.0
27607,Lisa,F,1997.0,,Thailand,,23.0
60880,Teerasil Dangda,M,1988.0,,Thailand,,32.0
79088,Yui Yatyer,F,1978.0,,Thailand,,42.0
77110,Datsakorn Thonglao,F,1983.0,,Thailand,,37.0
66836,Tata Young,F,1980.0,,Thailand,,40.0
69316,Yasmin Lee,,1983.0,,Thailand,,37.0
86564,Chanatip Sonkham,F,1991.0,,Thailand,,29.0
58101,Paradorn Srichaphan,M,1979.0,,Thailand,,41.0
67291,Theerathon Bunmathan,M,1990.0,,Thailand,,30.0
72173,Prapawadee Jaroenrattanatarakoon,F,1984.0,,Thailand,,36.0
80492,Thepchaiya Un-Nooh,M,1985.0,,Thailand,,35.0
44402,Jintara Poonlarp,F,1969.0,,Thailand,,51.0
79087,Manus Boonjumnong,M,1980.0,,Thailand,,40.0
69998,Sunaree Rachasima,F,1968.0,,Thailand,,52.0
64328,Monkaen Kaenkoon,M,1973.0,,Thailand,,47.0
74528,Somjit Jongjohor,M,1975.0,,Thailand,,45.0
77059,Sanchai Ratiwatana,M,1982.0,,Thailand,,38.0
60509,Sudarat Keyuraphan,F,1961.0,,Thailand,,59.0
80273,Sonchat Ratiwatana,F,1982.0,,Thailand,,38.0
63966,Bin Bunluerit,M,1962.0,,Thailand,,58.0
69677,Mike Phiromphon,M,1970.0,,Thailand,,50.0
54337,Bajrakitiyabha,F,1978.0,,Thailand,,42.0
77887,Chaiya Mitchai,M,1974.0,,Thailand,,46.0
22462,Sirindhorn,F,1955.0,,Thailand,,65.0
59555,Pen-Ek Ratanaruang,M,1962.0,,Thailand,,58.0
68279,Minnie,F,1997.0,,Thailand,,23.0
24570,Taur Matan Ruak,M,1956.0,,Timor-Leste,,64.0
60913,Estanislau da Silva,M,1952.0,,Timor-Leste,,68.0
20990,Francisco Guterres,M,1954.0,,Timor-Leste,,66.0
57692,Rui Maria de Araújo,M,1964.0,,Timor-Leste,,56.0
63371,Merih Demiral,F,1998.0,,Turkey,,22.0
65875,Çağlar Söyüncü,M,1996.0,,Turkey,,24.0
54216,Can Dündar,M,1961.0,,Turkey,,59.0
71633,Hasan Kabze,M,1982.0,,Turkey,,38.0
22017,Adnan Oktar,M,1956.0,,Turkey,,64.0
61075,Hakan Ünsal,M,1973.0,,Turkey,,47.0
70061,Emre Aydın,M,1981.0,,Turkey,,39.0
79636,Ömer Onan,M,1978.0,,Turkey,,42.0
49999,Sibel Can,F,1970.0,,Turkey,,50.0
64992,Sıla,F,1980.0,,Turkey,,40.0
55660,Yıldız Tilbe,F,1966.0,,Turkey,,54.0
33708,Tuba Büyüküstün,F,1982.0,,Turkey,,38.0
74327,İbrahim Toraman,M,1981.0,,Turkey,,39.0
16386,Emine Erdoğan,F,1955.0,,Turkey,,65.0
48298,Tanju Çolak,M,1963.0,,Turkey,,57.0
84071,İpek Soylu,F,1996.0,,Turkey,,24.0
71119,Neslihan Demir,F,1983.0,,Turkey,,37.0
26084,Vahide Perçin,F,1965.0,,Turkey,,55.0
76108,Nurcan Taylan,F,1983.0,,Turkey,,37.0
47659,Mahsun Kırmızıgül,M,1969.0,,Turkey,,51.0
74201,Aleyna Tilki,F,2000.0,,Turkey,,20.0
54668,Güler Sabancı,F,1955.0,,Turkey,,65.0
80600,Aydın Yılmaz,M,1988.0,,Turkey,,32.0
31336,Emre Belözoğlu,M,1980.0,,Turkey,,40.0
62583,Ümit Özat,M,1976.0,,Turkey,,44.0
76476,Yusuf Yazıcı,F,1997.0,,Turkey,,23.0
54672,Meltem Cumbul,F,1969.0,,Turkey,,51.0
22776,Şenol Güneş,M,1952.0,,Turkey,,68.0
39390,Çağatay Ulusoy,M,1990.0,,Turkey,,30.0
67007,Taha Akgül,M,1990.0,,Turkey,,30.0
60034,Servet Çetin,M,1981.0,,Turkey,,39.0
44479,Murat Yıldırım,M,1979.0,,Turkey,,41.0
59868,Tuncay Şanlı,M,1982.0,,Turkey,,38.0
75962,Şener Özbayraklı,M,1990.0,,Turkey,,30.0
49610,Fuat Oktay,M,1964.0,,Turkey,,56.0
59876,Gökdeniz Karadeniz,M,1980.0,,Turkey,,40.0
52393,Hazal Kaya,F,1990.0,,Turkey,,30.0
64361,İbrahim Kutluay,M,1974.0,,Turkey,,46.0
64849,Gökhan Zan,M,1981.0,,Turkey,,39.0
55801,Songül Öden,F,1979.0,,Turkey,,41.0
86351,Dzhamaldin Khodzhaniyazov,M,1996.0,,Turkmenistan,,24.0
45936,Kurban Berdyev,M,1952.0,,Turkmenistan,,68.0
75944,Rolan Gusev,M,1977.0,,Turkmenistan,,43.0
6102,Gurbanguly Berdimuhamedow,M,1957.0,,Turkmenistan,,63.0
85842,Diyorbek Urozboev,M,1993.0,,Turkmenistan,,27.0
52194,Oleg Kononenko,M,1964.0,,Turkmenistan,,56.0
86827,Wahyt Orazsähedow,M,1992.0,,Turkmenistan,,28.0
63037,Elnur Hüseynov,M,1987.0,,Turkmenistan,,33.0
54873,Inha Babakova,F,1967.0,,Turkmenistan,,53.0
76645,Ruslan Mingazow,F,1991.0,,Turkmenistan,,29.0
25326,Mohammed bin Zayed Al Nahyan,M,1961.0,,United Arab Emirates,,59.0
45468,Mansour bin Zayed Al Nahyan,M,1970.0,,United Arab Emirates,,50.0
66552,Mohammed Abdulla Hassan Mohamed,M,1978.0,,United Arab Emirates,,42.0
85814,Mohamed Fawzi,F,1990.0,,United Arab Emirates,,30.0
77762,Ahmed Khalil,M,1991.0,,United Arab Emirates,,29.0
85363,Mohamed Ahmed,F,1989.0,,United Arab Emirates,,31.0
71118,Ismail Matar,M,1983.0,,United Arab Emirates,,37.0
81195,Amer Abdulrahman,M,1989.0,,United Arab Emirates,,31.0
54471,Hamdan bin Mohammed Al Maktoum,M,1982.0,,United Arab Emirates,,38.0
72695,Khalid Eisa,M,1989.0,,United Arab Emirates,,31.0
86944,Velimir Stjepanović,F,1993.0,,United Arab Emirates,,27.0
55151,Ali Bujsaim,M,1959.0,,United Arab Emirates,,61.0
70385,Hazza Al Mansouri,M,1983.0,,United Arab Emirates,,37.0
74860,Ali Mabkhout,M,1990.0,,United Arab Emirates,,30.0
80339,Ismail Al Hammadi,M,1988.0,,United Arab Emirates,,32.0
54833,Adnan Al Talyani,M,1964.0,,United Arab Emirates,,56.0
69464,Ahmed Al-Maktoum,M,1963.0,,United Arab Emirates,,57.0
72625,Rishod Sobirov,M,1986.0,,Uzbekistan,,34.0
61211,Dimitris Papadopoulos,M,1981.0,,Uzbekistan,,39.0
39683,Gulnara Karimova,F,1972.0,,Uzbekistan,,48.0
52862,Refat Chubarov,M,1957.0,,Uzbekistan,,63.0
78886,Bahodir Nasimov,M,1987.0,,Uzbekistan,,33.0
76200,Iroda Tulyaganova,F,1982.0,,Uzbekistan,,38.0
84094,Fazliddin Gaibnazarov,M,1991.0,,Uzbekistan,,29.0
44228,Nigmatilla Yuldashev,M,1962.0,,Uzbekistan,,58.0
84690,Shakhobidin Zoirov,F,1993.0,,Uzbekistan,,27.0
56707,Maksim Shatskikh,M,1978.0,,Uzbekistan,,42.0
68049,Lola Karimova-Tillyaeva,F,1978.0,,Uzbekistan,,42.0
83808,Zabikhillo Urinboev,M,1995.0,,Uzbekistan,,25.0
70659,Alexander Geynrikh,M,1984.0,,Uzbekistan,,36.0
9364,Shavkat Mirziyoyev,M,1957.0,,Uzbekistan,,63.0
84207,Elmurat Tasmuradov,M,1991.0,,Uzbekistan,,29.0
72418,Timur Kapadze,M,1981.0,,Uzbekistan,,39.0
79459,Sanzhar Tursunov,M,1986.0,,Uzbekistan,,34.0
47778,Vasilis Hatzipanagis,M,1954.0,,Uzbekistan,,66.0
76687,Akgul Amanmuradova,F,1984.0,,Uzbekistan,,36.0
71605,Sergey Lagutin,M,1981.0,,Uzbekistan,,39.0
81926,Adilbek Niyazymbetov,M,1989.0,,Uzbekistan,,31.0
62492,Peter Odemwingie,M,1981.0,,Uzbekistan,,39.0
78695,Varvara Lepchenko,F,1986.0,,Uzbekistan,,34.0
77065,Armen Bagdasarov,M,1972.0,,Uzbekistan,,48.0
71697,Movlud Miraliyev,F,1974.0,,Uzbekistan,,46.0
79110,Timur Safin,F,1992.0,,Uzbekistan,,28.0
58884,Ruslan Chagaev,M,1978.0,,Uzbekistan,,42.0
81667,Marat Bikmaev,M,1986.0,,Uzbekistan,,34.0
39539,Djamolidine Abdoujaparov,M,1964.0,,Uzbekistan,,56.0
61555,Server Djeparov,M,1982.0,,Uzbekistan,,38.0
72040,Zulfiya Zabirova,F,1973.0,,Uzbekistan,,47.0
48793,Ravshan Irmatov,M,1977.0,,Uzbekistan,,43.0
79402,Ruslan Nurudinov,M,1991.0,,Uzbekistan,,29.0
44327,Alina Kabaeva,F,1983.0,,Uzbekistan,,37.0
86130,Bektemir Melikuziev,M,1996.0,,Uzbekistan,,24.0
85077,Dostonbek Tursunov,F,1995.0,,Uzbekistan,,25.0
60314,Radion Gataullin,M,1965.0,,Uzbekistan,,55.0
69824,Abdullo Tangriev,M,1981.0,,Uzbekistan,,39.0
68811,Tatyana Kotova,F,1976.0,,Uzbekistan,,44.0
66378,Sergey Tetyukhin,M,1975.0,,Uzbekistan,,45.0
26581,Mukesh Ambani,M,1957.0,,Yemen,,63.0
36943,Tawakkol Karman,F,1979.0,,Yemen,,41.0
79985,Keith Vaz,M,1956.0,,Yemen,,64.0
46750,Eddie Izzard,M,1962.0,,Yemen,,58.0
77362,Nujood Ali,F,1998.0,,Yemen,,22.0
51639,Ali Muhammad Mujawar,M,1953.0,,Yemen,,67.0
